<?xml version="1.0" encoding="UTF-8" standalone="no"?>
<Configuration>
  <DisplayManager>
    <SystemInitScript dnOrder="0"/>
    <SystemStartScript dnOrder="1"/>
  </DisplayManager>
  <General>
    <HarmonyPath dnOrder="0" path="../.."/>
    <Processor dnOrder="1" name="PIC32MX795F512L"/>
    <Board dnOrder="2" name=" "/>
    <ForceOptimization dnOrder="3" flag="true"/>
    <MergeStrategy dnOrder="4" flag="USER_ALL"/>
  </General>
  <Manifest>
    <Files dnOrder="0">
      <File dnOrder="0">
        <Name dnOrder="0">ISR_Support.h</Name>
        <Path dnOrder="1">Header&amp;#160;Files/FreeRTOS/portable/MPLAB/PIC32MX</Path>
      </File>
      <File dnOrder="1">
        <Name dnOrder="0">drv_tmr_mapping.h</Name>
        <Path dnOrder="1">Header&amp;#160;Files/framework/driver/tmr</Path>
      </File>
      <File dnOrder="2">
        <Name dnOrder="0">semphr.h</Name>
        <Path dnOrder="1">Header&amp;#160;Files/FreeRTOS</Path>
      </File>
      <File dnOrder="3">
        <Name dnOrder="0">driver_common.h</Name>
        <Path dnOrder="1">Header&amp;#160;Files/framework/driver</Path>
      </File>
      <File dnOrder="4">
        <Name dnOrder="0">queue.h</Name>
        <Path dnOrder="1">Header&amp;#160;Files/FreeRTOS</Path>
      </File>
      <File dnOrder="5">
        <Name dnOrder="0">portmacro.h</Name>
        <Path dnOrder="1">Header&amp;#160;Files/FreeRTOS/portable/MPLAB/PIC32MX</Path>
      </File>
      <File dnOrder="6">
        <Name dnOrder="0">sys_dma_definitions.h</Name>
        <Path dnOrder="1">Header&amp;#160;Files/framework/system/dma</Path>
      </File>
      <File dnOrder="7">
        <Name dnOrder="0">croutine.c</Name>
        <Path dnOrder="1">Source&amp;#160;Files/FreeRTOS</Path>
      </File>
      <File dnOrder="8">
        <Name dnOrder="0">port_asm.S</Name>
        <Path dnOrder="1">Source&amp;#160;Files/FreeRTOS/portable/MPLAB/PIC32MX</Path>
      </File>
      <File dnOrder="9">
        <Name dnOrder="0">tmr_definitions_pic32m.h</Name>
        <Path dnOrder="1">Header&amp;#160;Files/framework/driver/tmr</Path>
      </File>
      <File dnOrder="10">
        <Name dnOrder="0">mpu_prototypes.h</Name>
        <Path dnOrder="1">Header&amp;#160;Files/FreeRTOS</Path>
      </File>
      <File dnOrder="11">
        <Name dnOrder="0">list.h</Name>
        <Path dnOrder="1">Header&amp;#160;Files/FreeRTOS</Path>
      </File>
      <File dnOrder="12">
        <Name dnOrder="0">driver.h</Name>
        <Path dnOrder="1">Header&amp;#160;Files/framework/driver</Path>
      </File>
      <File dnOrder="13">
        <Name dnOrder="0">sys_int_pic32.c</Name>
        <Path dnOrder="1">Source&amp;#160;Files/framework/system/int/src</Path>
      </File>
      <File dnOrder="14">
        <Name dnOrder="0">sys_clk.h</Name>
        <Path dnOrder="1">Header&amp;#160;Files/framework/system/clk</Path>
      </File>
      <File dnOrder="15">
        <Name dnOrder="0">sys_ports_definitions.h</Name>
        <Path dnOrder="1">Header&amp;#160;Files/framework/system/ports</Path>
      </File>
      <File dnOrder="16">
        <Name dnOrder="0">port.c</Name>
        <Path dnOrder="1">Source&amp;#160;Files/FreeRTOS/portable/MPLAB/PIC32MX</Path>
      </File>
      <File dnOrder="17">
        <Name dnOrder="0">sys_int_private.h</Name>
        <Path dnOrder="1">Header&amp;#160;Files/framework/system/int/src</Path>
      </File>
      <File dnOrder="18">
        <Name dnOrder="0">deprecated_definitions.h</Name>
        <Path dnOrder="1">Header&amp;#160;Files/FreeRTOS</Path>
      </File>
      <File dnOrder="19">
        <Name dnOrder="0">drv_tmr_compatibility.h</Name>
        <Path dnOrder="1">Header&amp;#160;Files/framework/driver/tmr</Path>
      </File>
      <File dnOrder="20">
        <Name dnOrder="0">system.h</Name>
        <Path dnOrder="1">Header&amp;#160;Files/framework/system</Path>
      </File>
      <File dnOrder="21">
        <Name dnOrder="0">drv_usart.h</Name>
        <Path dnOrder="1">Header&amp;#160;Files/framework/driver/usart</Path>
      </File>
      <File dnOrder="22">
        <Name dnOrder="0">drv_oc.h</Name>
        <Path dnOrder="1">Header&amp;#160;Files/framework/driver/oc</Path>
      </File>
      <File dnOrder="23">
        <Name dnOrder="0">timers.h</Name>
        <Path dnOrder="1">Header&amp;#160;Files/FreeRTOS</Path>
      </File>
      <File dnOrder="24">
        <Name dnOrder="0">heap_1.c</Name>
        <Path dnOrder="1">Source&amp;#160;Files/FreeRTOS/portable/MemMang</Path>
      </File>
      <File dnOrder="25">
        <Name dnOrder="0">task.h</Name>
        <Path dnOrder="1">Header&amp;#160;Files/FreeRTOS</Path>
      </File>
      <File dnOrder="26">
        <Name dnOrder="0">sys_int.h</Name>
        <Path dnOrder="1">Header&amp;#160;Files/framework/system/int</Path>
      </File>
      <File dnOrder="27">
        <Name dnOrder="0">drv_tmr_variant_mapping.h</Name>
        <Path dnOrder="1">Header&amp;#160;Files/framework/driver/tmr/src</Path>
      </File>
      <File dnOrder="28">
        <Name dnOrder="0">list.c</Name>
        <Path dnOrder="1">Source&amp;#160;Files/FreeRTOS</Path>
      </File>
      <File dnOrder="29">
        <Name dnOrder="0">drv_tmr.h</Name>
        <Path dnOrder="1">Header&amp;#160;Files/framework/driver/tmr</Path>
      </File>
      <File dnOrder="30">
        <Name dnOrder="0">sys_dma.h</Name>
        <Path dnOrder="1">Header&amp;#160;Files/framework/system/dma</Path>
      </File>
      <File dnOrder="31">
        <Name dnOrder="0">osal_freertos.h</Name>
        <Path dnOrder="1">Header&amp;#160;Files/framework/osal</Path>
      </File>
      <File dnOrder="32">
        <Name dnOrder="0">osal.h</Name>
        <Path dnOrder="1">Header&amp;#160;Files/framework/osal</Path>
      </File>
      <File dnOrder="33">
        <Name dnOrder="0">StackMacros.h</Name>
        <Path dnOrder="1">Header&amp;#160;Files/FreeRTOS</Path>
      </File>
      <File dnOrder="34">
        <Name dnOrder="0">osal_freertos.c</Name>
        <Path dnOrder="1">Source&amp;#160;Files/framework/osal/src</Path>
      </File>
      <File dnOrder="35">
        <Name dnOrder="0">tasks.c</Name>
        <Path dnOrder="1">Source&amp;#160;Files/FreeRTOS</Path>
      </File>
      <File dnOrder="36">
        <Name dnOrder="0">sys_ports.h</Name>
        <Path dnOrder="1">Header&amp;#160;Files/framework/system/ports</Path>
      </File>
      <File dnOrder="37">
        <Name dnOrder="0">projdefs.h</Name>
        <Path dnOrder="1">Header&amp;#160;Files/FreeRTOS</Path>
      </File>
      <File dnOrder="38">
        <Name dnOrder="0">portable.h</Name>
        <Path dnOrder="1">Header&amp;#160;Files/FreeRTOS</Path>
      </File>
      <File dnOrder="39">
        <Name dnOrder="0">croutine.h</Name>
        <Path dnOrder="1">Header&amp;#160;Files/FreeRTOS</Path>
      </File>
      <File dnOrder="40">
        <Name dnOrder="0">sys_common.h</Name>
        <Path dnOrder="1">Header&amp;#160;Files/framework/system/common</Path>
      </File>
      <File dnOrder="41">
        <Name dnOrder="0">sys_buffer.h</Name>
        <Path dnOrder="1">Header&amp;#160;Files/framework/system/common</Path>
      </File>
      <File dnOrder="42">
        <Name dnOrder="0">event_groups.h</Name>
        <Path dnOrder="1">Header&amp;#160;Files/FreeRTOS</Path>
      </File>
      <File dnOrder="43">
        <Name dnOrder="0">drv_usart_definitions.h</Name>
        <Path dnOrder="1">Header&amp;#160;Files/framework/driver/usart</Path>
      </File>
      <File dnOrder="44">
        <Name dnOrder="0">sys_clk_compatibility.h</Name>
        <Path dnOrder="1">Header&amp;#160;Files/framework/system/clk</Path>
      </File>
      <File dnOrder="45">
        <Name dnOrder="0">osal_impl_basic.h</Name>
        <Path dnOrder="1">Header&amp;#160;Files/framework/osal</Path>
      </File>
      <File dnOrder="46">
        <Name dnOrder="0">sys_clk_mapping.h</Name>
        <Path dnOrder="1">Header&amp;#160;Files/framework/system/clk</Path>
      </File>
      <File dnOrder="47">
        <Name dnOrder="0">sys_int_mapping.h</Name>
        <Path dnOrder="1">Header&amp;#160;Files/framework/system/int</Path>
      </File>
      <File dnOrder="48">
        <Name dnOrder="0">osal_definitions.h</Name>
        <Path dnOrder="1">Header&amp;#160;Files/framework/osal</Path>
      </File>
      <File dnOrder="49">
        <Name dnOrder="0">FreeRTOS.h</Name>
        <Path dnOrder="1">Header&amp;#160;Files/FreeRTOS</Path>
      </File>
      <File dnOrder="50">
        <Name dnOrder="0">event_groups.c</Name>
        <Path dnOrder="1">Source&amp;#160;Files/FreeRTOS</Path>
      </File>
      <File dnOrder="51">
        <Name dnOrder="0">sys_debug.h</Name>
        <Path dnOrder="1">Header&amp;#160;Files/framework/system/debug</Path>
      </File>
      <File dnOrder="52">
        <Name dnOrder="0">drv_usart_variant_mapping.h</Name>
        <Path dnOrder="1">Header&amp;#160;Files/framework/driver/usart/src</Path>
      </File>
      <File dnOrder="53">
        <Name dnOrder="0">sys_module.h</Name>
        <Path dnOrder="1">Header&amp;#160;Files/framework/system/common</Path>
      </File>
      <File dnOrder="54">
        <Name dnOrder="0">timers.c</Name>
        <Path dnOrder="1">Source&amp;#160;Files/FreeRTOS</Path>
      </File>
      <File dnOrder="55">
        <Name dnOrder="0">mpu_wrappers.h</Name>
        <Path dnOrder="1">Header&amp;#160;Files/FreeRTOS</Path>
      </File>
      <File dnOrder="56">
        <Name dnOrder="0">sys_queue.h</Name>
        <Path dnOrder="1">Header&amp;#160;Files/framework/system/common</Path>
      </File>
      <File dnOrder="57">
        <Name dnOrder="0">queue.c</Name>
        <Path dnOrder="1">Source&amp;#160;Files/FreeRTOS</Path>
      </File>
    </Files>
    <Templates dnOrder="1">
      <Template dnOrder="0">
        <Name dnOrder="0">sys_ports_static.c</Name>
        <Path dnOrder="1">Source&amp;#160;Files/app/system_config/default/framework/system/ports/src</Path>
        <Checksum dnOrder="2">BC814B1E833F48A33953D65B71BC498D</Checksum>
      </Template>
      <Template dnOrder="1">
        <Name dnOrder="0">system_interrupt_a.S</Name>
        <Path dnOrder="1">Source&amp;#160;Files/app/system_config/default</Path>
        <Checksum dnOrder="2">213292D08CD67A21470779F13E320097</Checksum>
      </Template>
      <Template dnOrder="2">
        <Name dnOrder="0">drv_tmr_static.h</Name>
        <Path dnOrder="1">Header&amp;#160;Files/app/system_config/default/framework/driver/tmr</Path>
        <Checksum dnOrder="2">8C64664AEDE504C4C1A03C4B9C0CC418</Checksum>
      </Template>
      <Template dnOrder="3">
        <Name dnOrder="0">drv_tmr_mapping.c</Name>
        <Path dnOrder="1">Source&amp;#160;Files/app/system_config/default/framework/driver/tmr/src</Path>
        <Checksum dnOrder="2">65C24AB9CFA0216FAE6039B27780D5B6</Checksum>
      </Template>
      <Template dnOrder="4">
        <Name dnOrder="0">drv_usart_mapping.c</Name>
        <Path dnOrder="1">Source&amp;#160;Files/app/system_config/default/framework/driver/usart/src</Path>
        <Checksum dnOrder="2">64FB3C959ACBED05166C75B3E058355D</Checksum>
      </Template>
      <Template dnOrder="5">
        <Name dnOrder="0">sys_devcon_local.h</Name>
        <Path dnOrder="1">Header&amp;#160;Files/app/system_config/default/framework/system/devcon/src</Path>
        <Checksum dnOrder="2">B66F9B4DBD85DA7F9DE775E864E01395</Checksum>
      </Template>
      <Template dnOrder="6">
        <Name dnOrder="0">sys_devcon.h</Name>
        <Path dnOrder="1">Header&amp;#160;Files/app/system_config/default/framework/system/devcon</Path>
        <Checksum dnOrder="2">07580DCDEF89D9C79B062544109C5367</Checksum>
      </Template>
      <Template dnOrder="7">
        <Name dnOrder="0">FreeRTOSConfig.h</Name>
        <Path dnOrder="1">Header&amp;#160;Files/app/system_config/default</Path>
        <Checksum dnOrder="2">1FAFA29DDC4E8B33435278CC356B13E9</Checksum>
      </Template>
      <Template dnOrder="8">
        <Name dnOrder="0">drv_usart_static_byte_model.c</Name>
        <Path dnOrder="1">Source&amp;#160;Files/app/system_config/default/framework/driver/usart/src</Path>
        <Checksum dnOrder="2">A8D86CEFBBB9C477E5E4C340369C09FD</Checksum>
      </Template>
      <Template dnOrder="9">
        <Name dnOrder="0">system_interrupt.c</Name>
        <Path dnOrder="1">Source&amp;#160;Files/app/system_config/default</Path>
        <Checksum dnOrder="2">F502F58ED7FF0747958E06E83754E29E</Checksum>
      </Template>
      <Template dnOrder="10">
        <Name dnOrder="0">drv_oc_mapping.c</Name>
        <Path dnOrder="1">Source&amp;#160;Files/app/system_config/default/framework/driver/oc/src</Path>
        <Checksum dnOrder="2">5FF5CD3AD70FFFBABCA9FEE23345B070</Checksum>
      </Template>
      <Template dnOrder="11">
        <Name dnOrder="0">drv_oc_static.c</Name>
        <Path dnOrder="1">Source&amp;#160;Files/app/system_config/default/framework/driver/oc/src</Path>
        <Checksum dnOrder="2">0C1B61D938A7C630D41C0AF7E164223A</Checksum>
      </Template>
      <Template dnOrder="12">
        <Name dnOrder="0">drv_usart_static.c</Name>
        <Path dnOrder="1">Source&amp;#160;Files/app/system_config/default/framework/driver/usart/src</Path>
        <Checksum dnOrder="2">49251B1CE51087F8C75F1C14E055AC5C</Checksum>
      </Template>
      <Template dnOrder="13">
        <Name dnOrder="0">system_init.c</Name>
        <Path dnOrder="1">Source&amp;#160;Files/app/system_config/default</Path>
        <Checksum dnOrder="2">53A94B3F0E9A4944B3FC2F3D1846956B</Checksum>
      </Template>
      <Template dnOrder="14">
        <Name dnOrder="0">drv_oc_static.h</Name>
        <Path dnOrder="1">Header&amp;#160;Files/app/system_config/default/framework/driver/oc</Path>
        <Checksum dnOrder="2">0496F2F0681A9421EFECF50A8979E68E</Checksum>
      </Template>
      <Template dnOrder="15">
        <Name dnOrder="0">main.c</Name>
        <Path dnOrder="1">Source&amp;#160;Files/app</Path>
      </Template>
      <Template dnOrder="16">
        <Name dnOrder="0">system_definitions.h</Name>
        <Path dnOrder="1">Header&amp;#160;Files/app/system_config/default</Path>
        <Checksum dnOrder="2">67B373EC00FA89D60B1D962810980EB0</Checksum>
      </Template>
      <Template dnOrder="17">
        <Name dnOrder="0">system_exceptions.c</Name>
        <Path dnOrder="1">Source&amp;#160;Files/app/system_config/default</Path>
        <Checksum dnOrder="2">C6886A1D85FB1927A101D5B41BED7630</Checksum>
      </Template>
      <Template dnOrder="18">
        <Name dnOrder="0">sys_devcon.c</Name>
        <Path dnOrder="1">Source&amp;#160;Files/app/system_config/default/framework/system/devcon/src</Path>
        <Checksum dnOrder="2">54ADBD4A35BCA03C42C74182FCE41849</Checksum>
      </Template>
      <Template dnOrder="19">
        <Name dnOrder="0">app.c</Name>
        <Path dnOrder="1">Source&amp;#160;Files/app</Path>
      </Template>
      <Template dnOrder="20">
        <Name dnOrder="0">drv_usart_static.h</Name>
        <Path dnOrder="1">Header&amp;#160;Files/app/system_config/default/framework/driver/usart</Path>
        <Checksum dnOrder="2">530CF20A9C9BAF69F2E99FE6C5784867</Checksum>
      </Template>
      <Template dnOrder="21">
        <Name dnOrder="0">system_tasks.c</Name>
        <Path dnOrder="1">Source&amp;#160;Files/app/system_config/default</Path>
        <Checksum dnOrder="2">F714C2C33C0C819886D5970104C51B90</Checksum>
      </Template>
      <Template dnOrder="22">
        <Name dnOrder="0">sys_devcon_pic32mx.c</Name>
        <Path dnOrder="1">Source&amp;#160;Files/app/system_config/default/framework/system/devcon/src</Path>
        <Checksum dnOrder="2">5141464248E33ABE9E7D144A2D4DC129</Checksum>
      </Template>
      <Template dnOrder="23">
        <Name dnOrder="0">system_config.h</Name>
        <Path dnOrder="1">Header&amp;#160;Files/app/system_config/default</Path>
        <Checksum dnOrder="2">65259E4DCDF9305F7B592BB5A7D44A41</Checksum>
      </Template>
      <Template dnOrder="24">
        <Name dnOrder="0">app.h</Name>
        <Path dnOrder="1">Header&amp;#160;Files/app</Path>
      </Template>
      <Template dnOrder="25">
        <Name dnOrder="0">drv_tmr_static.c</Name>
        <Path dnOrder="1">Source&amp;#160;Files/app/system_config/default/framework/driver/tmr/src</Path>
        <Checksum dnOrder="2">5C14EBC5C240C4AF76FA1431A8A7BF7E</Checksum>
      </Template>
      <Template dnOrder="26">
        <Name dnOrder="0">rtos_hooks.c</Name>
        <Path dnOrder="1">Source&amp;#160;Files/app/system_config/default</Path>
        <Checksum dnOrder="2">FA52743264536E5207D2ADBE57B48D05</Checksum>
      </Template>
      <Template dnOrder="27">
        <Name dnOrder="0">drv_usart_static_local.h</Name>
        <Path dnOrder="1">Header&amp;#160;Files/app/system_config/default/framework/driver/usart/src</Path>
        <Checksum dnOrder="2">1BC24F235F6DEC57BFF969A7508990F9</Checksum>
      </Template>
      <Template dnOrder="28">
        <Name dnOrder="0">sys_clk_pic32mx.c</Name>
        <Path dnOrder="1">Source&amp;#160;Files/app/system_config/default/framework/system/clk/src</Path>
        <Checksum dnOrder="2">FDF6C8068CFFAEEC5F8537A8D6514230</Checksum>
      </Template>
    </Templates>
    <CompilerItems dnOrder="2">
      <C32-AS dnOrder="0">
        <Include dnOrder="0" value="../../../../third_party/rtos/FreeRTOS/Source/include"/>
        <Include dnOrder="1" value="../../../../third_party/rtos/FreeRTOS/Source/portable/MPLAB/PIC32MX"/>
        <Include dnOrder="2" value="../src/system_config/default"/>
      </C32-AS>
      <C32 dnOrder="1">
        <Include dnOrder="0" value="/Users/Anand/microchip/harmony/v2_04/apps/PreDemo/firmware/src"/>
        <Include dnOrder="1" value="/Users/Anand/microchip/harmony/v2_04/apps/PreDemo/firmware/src/system_config/default"/>
        <Include dnOrder="2" value="/Users/Anand/microchip/harmony/v2_04/apps/PreDemo/firmware/src/default"/>
        <Include dnOrder="3" value="/Users/Anand/microchip/harmony/v2_04/framework"/>
        <Include dnOrder="4" value="/Users/Anand/microchip/harmony/v2_04/apps/PreDemo/firmware/src/system_config/default/framework"/>
        <Include dnOrder="5" value="../../../../third_party/rtos/FreeRTOS/Source/include"/>
        <Include dnOrder="6" value="../../../../third_party/rtos/FreeRTOS/Source/portable/MPLAB/PIC32MX"/>
        <Include dnOrder="7" value="../src/system_config/default"/>
        <Define dnOrder="8" value="__XC"/>
      </C32>
    </CompilerItems>
    <Libraries dnOrder="3">
      <Library dnOrder="0" value="../../../../bin/framework/peripheral/PIC32MX795F512L_peripherals.a"/>
    </Libraries>
  </Manifest>
</Configuration>
